<?xml version="1.0" encoding="UTF-8"?>

<ImplementationGuide xmlns="http://hl7.org/fhir">
  <id value="davinci-pdex"/>
  <text>
    <status value="extensions"/><div xmlns="http://www.w3.org/1999/xhtml"><h2>DaVinciPayerDataExchange</h2><p>The official URL for this implementation guide is: </p><pre>http://hl7.org/fhir/us/davinci-pdex/ImplementationGuide/davinci-pdex/ImplementationGuide/davinci-pdex</pre><div><p>&quot;&lt;p id=&amp;quot;publish-box&amp;quot;&gt;\nThis is a pre-release version (Ballot 1) of Payer Data exchange  (PDex) R1/STU. There is no current official version.\n&lt;/p&gt;\n\n\nThis specification is currently undergoing ballot and connectathon testing. It is expected to evolve, possibly significantly, as part of that process.\nFeedback is welcome and may be submitted through the FHIR JIRA tracker indicating US Da Vinci PDex as the specification. If balloting on this IG, please submit your comments via the tracker and just reference them in your ballot submission implementation guide.\n\nThis guide can be reviewed offline. Go to the Downloads section. Click on the link to download the full Implementation Guide as a zip file. Expand the zip file and use a web browser to launch the index.html file in the directory created by the zip extract process. External hyperlinks in the guide will not be available unless you have an active internet connection. \n\n<a href="https://confluence.hl7.org/display/FM/Financial+Management+Home">Financial Management</a> is the Sponsoring Work Group for this Implementation Guide.\n\n<strong>The Payer Data Exchange (PDex) Implementation Guide (IG) is provided for Payers/Health Plans to enable them to create a Member's Health History using clinical resources (based on US Core Profiles based on FHIR R4) which can be understood by providers and, if they choose to, committed to their Electronic Medical Records (EMR) System.</strong>\n\nThe PDex work group has made changes to the original version of the IG following the publication of the final CMS Interoperability and Patient Access Rule.\n\nThis IG uses the same Member Health History &amp;quot;payload&amp;quot; for member-authorized exchange of information with other Health Plans and with Third-Party Applications. It describes the interaction patterns that, when followed, allow the various parties involved in managing healthcare and payer data to more easily integrate and exchange data securely and effectively.\n\nThis IG covers the exchange of:\n- Claims-based information\n- Clinical Information (such as Lab Results, Allergies and Conditions)\n\nThis IG covers the exchange of this information using US Core and Da Vinci Health Record Exchange (HRex) Profiles. This superset of clinical profiles forms the Health Plan Member's Health History. \n\nThis IG covers the exchange of a Member's Health History in the following scenarios:\n- Provider requested Provider-Health Plan Exchange using CDS-Hooks and SMART-on-FHIR\n- Member-authorized Health Plan to Health Plan exchange\n- Member-authorized Health Plan to Third-Party Application exchange\n\nThe latter two scenarios are provided to meet the requirements identified in the CMS Interoperability Notice for Proposed Rule Making issued on February 11, 2019.\n\n<strong>There are items in this guide that are subject to update</strong>. This includes:\n- Value Sets\n- Vocabularies (X12, NUBC etc.)\n- Examples\n\n<strong>The Vocabulary, Value Sets and codings used to express data in this IG are subject to review and will be reconciled with</strong>  <a href="http://www.x12.org">X12</a>.\n\nSee the <a href="toc.html">Table of Contents</a> for more information.\n\n### Latest Changes\n- (118) Consolidate Section 3, Update US Core profile references\n- (68-75) Apply Ballot Changes (FHIR-23404, FHIR-23403, FHIR-23397, FHIR-23392, FHIR-23378, FHIR-23375, FHIR-23372, FHIR-23368, FHIR-23366, FHIR-23364, FHIR-23354, FHIR-23348, FHIR-23346, FHIR-23218, FHIR-23400, FHIR-23399, FHIR-23398, FHIR-23390, FHIR-23388, FHIR-23386, FHIR-23382, FHIR-23380, FHIR-23356, FHIR-23334, FHIR-23310, FHIR-233291, FHIR-23285, FHIR-23279, FHIR-22819, FHIR-22821, FHIR-22858, FHIR-22860, FHIR-22861, FHIR-22862, FHIR-22863, FHIR-22865, FHIR-22876, FHIR-22877, FHIR-23139, FHIR-23141, FHIR-23145, FHIR-23191, FHIR-23189, FHIR-23206, FHIR-23208, FHIR-23210, FHIR-23212, FHIR-23224, FHIR-23228, FHIR-23234, FHIR-23236, FHIR-23238, FHIR-23172, FHIR-23193, FHIR-23195, FHIR-23197, FHIR-23199, FHIR-23242, FHIR-23244, FHIR-23246, FHIR-23248, FHIR-23250, FHIR-23252, FHIR-23256, FHIR-23308, FHIR-23384)\n- (302) Apply Ballot Changes (FHIR-23254, FHIR-23287, FHIR-23262, FHIR-23266, FHIR-23260, FHIR-23158)\n- (300) Apply Ballot Changes (FHIR-23374, FHIR-23302, FHIR-23283, FHIR-23281, FHIR-23277)\n- (299) Apply Ballot Changes (FHIR-23151, FHIR-23155)\n- (298) Apply Ballot Changes (FHIR-23330, FHIIR-23325, FHIR-23323, FHIR-23322, FHIR-23318, FHIR-23315 )\n- (297) Fix Typos (FHIR-23172, FHIR-23170, FHIR-23168, FHIR-23137, FHIR-23135-Wrong IG )\n- (295) Fix Typos (FHIR-23230, FHIR-23214, FHIR-23189, FHIR-23187, FHIR-23186, FHIR-23185, FHHIR-23184, FHIR-23182, FHIR-23178, FHIR-23176, FHIR-23174)\n- (293) Fix Typos (FHIR-23394, FHIR-23362, FHIR-23328, FHIR-23324, FHIR-23321, FHIR-23317, FHIR-23316, FHIR-23303, FHIR-23274, FHIR-23272, FHIR-23270)\n- (292) Apply Ballot Changes (FHIR-23402, FHIR-23413, FHIR-23401, FHIR-23396 )\n- (290) Apply Ballot Changes (FHIR-23405 )\n- (285) Support FHIR V4.1.0\n- (284) Change US Core reference\n&quot;</p>
</div></div>
  </text>
  <url value="http://hl7.org/fhir/us/davinci-pdex/ImplementationGuide/davinci-pdex/ImplementationGuide/davinci-pdex"/>
  <version value="0.3.7"/>
  <name value="DaVinciPayerDataExchange"/>
  <title value="Da Vinci Payer Data exchange"/>
  <status value="draft"/>
  <date value="2020-07-07T16:58:59-04:00"/>
  <contact>
    <name value="Mark Scrimshire (mark@ekivemark.com)"/>
    <telecom>
      <system value="email"/>
      <value value="mark@ekivemark.com"/>
    </telecom>
  </contact>
  <contact>
    <name value="HL7 International - Financial Management"/>
    <telecom>
      <system value="url"/>
      <value value="http://www.hl7.org/Special/committees/fm"/>
    </telecom>
  </contact>
  <description value="&quot;&lt;p id=\&quot;publish-box\&quot;&gt;\nThis is a pre-release version (Ballot 1) of Payer Data exchange  (PDex) R1/STU. There is no current official version.\n&lt;/p&gt;\n\n\nThis specification is currently undergoing ballot and connectathon testing. It is expected to evolve, possibly significantly, as part of that process.\nFeedback is welcome and may be submitted through the FHIR JIRA tracker indicating US Da Vinci PDex as the specification. If balloting on this IG, please submit your comments via the tracker and just reference them in your ballot submission implementation guide.\n\nThis guide can be reviewed offline. Go to the Downloads section. Click on the link to download the full Implementation Guide as a zip file. Expand the zip file and use a web browser to launch the index.html file in the directory created by the zip extract process. External hyperlinks in the guide will not be available unless you have an active internet connection. \n\n[Financial Management](https://confluence.hl7.org/display/FM/Financial+Management+Home) is the Sponsoring Work Group for this Implementation Guide.\n\n**The Payer Data Exchange (PDex) Implementation Guide (IG) is provided for Payers/Health Plans to enable them to create a Member&#39;s Health History using clinical resources (based on US Core Profiles based on FHIR R4) which can be understood by providers and, if they choose to, committed to their Electronic Medical Records (EMR) System.**\n\nThe PDex work group has made changes to the original version of the IG following the publication of the final CMS Interoperability and Patient Access Rule.\n\nThis IG uses the same Member Health History \&quot;payload\&quot; for member-authorized exchange of information with other Health Plans and with Third-Party Applications. It describes the interaction patterns that, when followed, allow the various parties involved in managing healthcare and payer data to more easily integrate and exchange data securely and effectively.\n\nThis IG covers the exchange of:\n- Claims-based information\n- Clinical Information (such as Lab Results, Allergies and Conditions)\n\nThis IG covers the exchange of this information using US Core and Da Vinci Health Record Exchange (HRex) Profiles. This superset of clinical profiles forms the Health Plan Member&#39;s Health History. \n\nThis IG covers the exchange of a Member&#39;s Health History in the following scenarios:\n- Provider requested Provider-Health Plan Exchange using CDS-Hooks and SMART-on-FHIR\n- Member-authorized Health Plan to Health Plan exchange\n- Member-authorized Health Plan to Third-Party Application exchange\n\nThe latter two scenarios are provided to meet the requirements identified in the CMS Interoperability Notice for Proposed Rule Making issued on February 11, 2019.\n\n**There are items in this guide that are subject to update**. This includes:\n- Value Sets\n- Vocabularies (X12, NUBC etc.)\n- Examples\n\n**The Vocabulary, Value Sets and codings used to express data in this IG are subject to review and will be reconciled with**  [X12](http://www.x12.org).\n\nSee the [Table of Contents](toc.html) for more information.\n\n### Latest Changes\n- (118) Consolidate Section 3, Update US Core profile references\n- (68-75) Apply Ballot Changes (FHIR-23404, FHIR-23403, FHIR-23397, FHIR-23392, FHIR-23378, FHIR-23375, FHIR-23372, FHIR-23368, FHIR-23366, FHIR-23364, FHIR-23354, FHIR-23348, FHIR-23346, FHIR-23218, FHIR-23400, FHIR-23399, FHIR-23398, FHIR-23390, FHIR-23388, FHIR-23386, FHIR-23382, FHIR-23380, FHIR-23356, FHIR-23334, FHIR-23310, FHIR-233291, FHIR-23285, FHIR-23279, FHIR-22819, FHIR-22821, FHIR-22858, FHIR-22860, FHIR-22861, FHIR-22862, FHIR-22863, FHIR-22865, FHIR-22876, FHIR-22877, FHIR-23139, FHIR-23141, FHIR-23145, FHIR-23191, FHIR-23189, FHIR-23206, FHIR-23208, FHIR-23210, FHIR-23212, FHIR-23224, FHIR-23228, FHIR-23234, FHIR-23236, FHIR-23238, FHIR-23172, FHIR-23193, FHIR-23195, FHIR-23197, FHIR-23199, FHIR-23242, FHIR-23244, FHIR-23246, FHIR-23248, FHIR-23250, FHIR-23252, FHIR-23256, FHIR-23308, FHIR-23384)\n- (302) Apply Ballot Changes (FHIR-23254, FHIR-23287, FHIR-23262, FHIR-23266, FHIR-23260, FHIR-23158)\n- (300) Apply Ballot Changes (FHIR-23374, FHIR-23302, FHIR-23283, FHIR-23281, FHIR-23277)\n- (299) Apply Ballot Changes (FHIR-23151, FHIR-23155)\n- (298) Apply Ballot Changes (FHIR-23330, FHIIR-23325, FHIR-23323, FHIR-23322, FHIR-23318, FHIR-23315 )\n- (297) Fix Typos (FHIR-23172, FHIR-23170, FHIR-23168, FHIR-23137, FHIR-23135-Wrong IG )\n- (295) Fix Typos (FHIR-23230, FHIR-23214, FHIR-23189, FHIR-23187, FHIR-23186, FHIR-23185, FHHIR-23184, FHIR-23182, FHIR-23178, FHIR-23176, FHIR-23174)\n- (293) Fix Typos (FHIR-23394, FHIR-23362, FHIR-23328, FHIR-23324, FHIR-23321, FHIR-23317, FHIR-23316, FHIR-23303, FHIR-23274, FHIR-23272, FHIR-23270)\n- (292) Apply Ballot Changes (FHIR-23402, FHIR-23413, FHIR-23401, FHIR-23396 )\n- (290) Apply Ballot Changes (FHIR-23405 )\n- (285) Support FHIR V4.1.0\n- (284) Change US Core reference\n&quot;&#xA;"/>
  <packageId value="davinci-pdex"/>
  <license value="CC0-1.0"/>
  <fhirVersion value="4.0.1"/>
  <dependsOn id="hl7_fhir_us_core">
    <uri value="http://hl7.org/fhir/us/core/ImplementationGuide/hl7.fhir.us.core"/>
    <packageId value="hl7.fhir.us.core"/>
    <version value="3.1.0"/>
  </dependsOn>
  <definition>
    <extension url="http://hl7.org/fhir/tools/StructureDefinition/ig-parameter">
      <extension url="code">
        <valueString value="copyrightyear"/>
      </extension>
      <extension url="value">
        <valueString value="2020+"/>
      </extension>
    </extension>
    <extension url="http://hl7.org/fhir/tools/StructureDefinition/ig-parameter">
      <extension url="code">
        <valueString value="releaselabel"/>
      </extension>
      <extension url="value">
        <valueString value="CI Build"/>
      </extension>
    </extension>
    <extension url="http://hl7.org/fhir/tools/StructureDefinition/ig-parameter">
      <extension url="code">
        <valueString value="show-inherited-invariants"/>
      </extension>
      <extension url="value">
        <valueString value="false"/>
      </extension>
    </extension>
    <extension url="http://hl7.org/fhir/tools/StructureDefinition/ig-parameter">
      <extension url="code">
        <valueString value="path-history"/>
      </extension>
      <extension url="value">
        <valueString value="http://hl7.org/fhir/us/davinci-pdex/ImplementationGuide/davinci-pdex/history.html"/>
      </extension>
    </extension>
    <extension url="http://hl7.org/fhir/tools/StructureDefinition/ig-parameter">
      <extension url="code">
        <valueString value="path-qa"/>
      </extension>
      <extension url="value">
        <valueString value="temp/qa"/>
      </extension>
    </extension>
    <extension url="http://hl7.org/fhir/tools/StructureDefinition/ig-parameter">
      <extension url="code">
        <valueString value="path-temp"/>
      </extension>
      <extension url="value">
        <valueString value="temp/pages"/>
      </extension>
    </extension>
    <extension url="http://hl7.org/fhir/tools/StructureDefinition/ig-parameter">
      <extension url="code">
        <valueString value="path-output"/>
      </extension>
      <extension url="value">
        <valueString value="output"/>
      </extension>
    </extension>
    <extension url="http://hl7.org/fhir/tools/StructureDefinition/ig-parameter">
      <extension url="code">
        <valueString value="path-suppressed-warnings"/>
      </extension>
      <extension url="value">
        <valueString value="input/ignoreWarnings.txt"/>
      </extension>
    </extension>
    <extension url="http://hl7.org/fhir/tools/StructureDefinition/ig-parameter">
      <extension url="code">
        <valueString value="template-html"/>
      </extension>
      <extension url="value">
        <valueString value="template-page.html"/>
      </extension>
    </extension>
    <extension url="http://hl7.org/fhir/tools/StructureDefinition/ig-parameter">
      <extension url="code">
        <valueString value="template-md"/>
      </extension>
      <extension url="value">
        <valueString value="template-page-md.html"/>
      </extension>
    </extension>
    <extension url="http://hl7.org/fhir/tools/StructureDefinition/ig-parameter">
      <extension url="code">
        <valueString value="apply-contact"/>
      </extension>
      <extension url="value">
        <valueString value="true"/>
      </extension>
    </extension>
    <extension url="http://hl7.org/fhir/tools/StructureDefinition/ig-parameter">
      <extension url="code">
        <valueString value="apply-context"/>
      </extension>
      <extension url="value">
        <valueString value="true"/>
      </extension>
    </extension>
    <extension url="http://hl7.org/fhir/tools/StructureDefinition/ig-parameter">
      <extension url="code">
        <valueString value="apply-copyright"/>
      </extension>
      <extension url="value">
        <valueString value="true"/>
      </extension>
    </extension>
    <extension url="http://hl7.org/fhir/tools/StructureDefinition/ig-parameter">
      <extension url="code">
        <valueString value="apply-jurisdiction"/>
      </extension>
      <extension url="value">
        <valueString value="true"/>
      </extension>
    </extension>
    <extension url="http://hl7.org/fhir/tools/StructureDefinition/ig-parameter">
      <extension url="code">
        <valueString value="apply-license"/>
      </extension>
      <extension url="value">
        <valueString value="true"/>
      </extension>
    </extension>
    <extension url="http://hl7.org/fhir/tools/StructureDefinition/ig-parameter">
      <extension url="code">
        <valueString value="apply-publisher"/>
      </extension>
      <extension url="value">
        <valueString value="true"/>
      </extension>
    </extension>
    <extension url="http://hl7.org/fhir/tools/StructureDefinition/ig-parameter">
      <extension url="code">
        <valueString value="apply-version"/>
      </extension>
      <extension url="value">
        <valueString value="true"/>
      </extension>
    </extension>
    <extension url="http://hl7.org/fhir/tools/StructureDefinition/ig-parameter">
      <extension url="code">
        <valueString value="active-tables"/>
      </extension>
      <extension url="value">
        <valueString value="true"/>
      </extension>
    </extension>
    <resource>
      <extension url="http://hl7.org/fhir/tools/StructureDefinition/resource-information">
        <valueString value="StructureDefinition:resource"/>
      </extension>
      <extension url="http://hl7.org/fhir/StructureDefinition/implementationguide-page">
        <valueUri value="StructureDefinition-payer-medicationdispense.html"/>
      </extension>
      <reference>
        <reference value="StructureDefinition/payer-medicationdispense"/>
      </reference>
      <name value="Payer MedicationDispense"/>
      <description value="Prescription Medications dispensed by a pharmacy to a health plan member and paid for in full, or in part, by the health plan"/>
      <exampleBoolean value="false"/>
    </resource>
    <page>
      <nameUrl value="toc.html"/>
      <title value="Table of Contents"/>
      <generation value="html"/>
      <page>
        <nameUrl value="index.html"/>
        <title value="Home"/>
        <generation value="markdown"/>
      </page>
      <page>
        <nameUrl value="2_Overview.html"/>
        <title value="Overview"/>
        <generation value="markdown"/>
      </page>
      <page>
        <nameUrl value="3_Introduction.html"/>
        <title value="Introduction"/>
        <generation value="markdown"/>
      </page>
      <page>
        <nameUrl value="4_PDexImplementationActorsInteractionsDataPayloadsandMethods.html"/>
        <title value="PDex Implementation, Actors, Interactions, Data Payloads and Methods"/>
        <generation value="markdown"/>
        <page>
          <nameUrl value="HandlingDataProvenance.html"/>
          <title value="Handling Data Provenance"/>
          <generation value="markdown"/>
        </page>
        <page>
          <nameUrl value="DataMapping.html"/>
          <title value="Data Mapping"/>
          <generation value="markdown"/>
          <page>
            <nameUrl value="USCoreAllergyIntolerance.html"/>
            <title value="US Core Allergy Intolerance"/>
            <generation value="markdown"/>
          </page>
          <page>
            <nameUrl value="USCoreCarePlan.html"/>
            <title value="US Core Care Plan"/>
            <generation value="markdown"/>
          </page>
          <page>
            <nameUrl value="USCoreCareTeam.html"/>
            <title value="US Core Care Team"/>
            <generation value="markdown"/>
          </page>
          <page>
            <nameUrl value="USCoreCondition.html"/>
            <title value="US Core Condition"/>
            <generation value="markdown"/>
          </page>
          <page>
            <nameUrl value="Coverage.html"/>
            <title value="Coverage"/>
            <generation value="markdown"/>
          </page>
          <page>
            <nameUrl value="Device.html"/>
            <title value="Device"/>
            <generation value="markdown"/>
          </page>
          <page>
            <nameUrl value="USCoreDiagnosticReportforLaboratoryResultsReporting.html"/>
            <title value="US Core DiagnosticReport for Laboratory Results Reporting"/>
            <generation value="markdown"/>
          </page>
          <page>
            <nameUrl value="USCoreDiagnosticReportforReportandNoteExchange.html"/>
            <title value="US Core DiagnosticReport for Report and Note Exchange"/>
            <generation value="markdown"/>
          </page>
          <page>
            <nameUrl value="USCoreDocumentReference.html"/>
            <title value="US Core Document Reference"/>
            <generation value="markdown"/>
          </page>
          <page>
            <nameUrl value="USCoreEncounter.html"/>
            <title value="US Core Encounter"/>
            <generation value="markdown"/>
          </page>
          <page>
            <nameUrl value="USCoreGoal_.html"/>
            <title value="US Core Goal"/>
            <generation value="markdown"/>
          </page>
          <page>
            <nameUrl value="USCoreImmunization.html"/>
            <title value="US Core Immunization"/>
            <generation value="markdown"/>
          </page>
          <page>
            <nameUrl value="USCoreImplantableDevice.html"/>
            <title value="US Core ImplantableDevice"/>
            <generation value="markdown"/>
          </page>
          <page>
            <nameUrl value="USCoreLocation.html"/>
            <title value="US Core Location"/>
            <generation value="markdown"/>
          </page>
          <page>
            <nameUrl value="USCoreMedication.html"/>
            <title value="US Core Medication"/>
            <generation value="markdown"/>
          </page>
          <page>
            <nameUrl value="HRexMedicationDispense.html"/>
            <title value="HRex MedicationDispense"/>
            <generation value="markdown"/>
          </page>
          <page>
            <nameUrl value="USCoreMedicationRequest.html"/>
            <title value="US Core MedicationDispense"/>
            <generation value="markdown"/>
          </page>
          <page>
            <nameUrl value="USCoreOrganization.html"/>
            <title value="US Core Organization"/>
            <generation value="markdown"/>
          </page>
          <page>
            <nameUrl value="USCorePatient.html"/>
            <title value="US Core Patient"/>
            <generation value="markdown"/>
          </page>
          <page>
            <nameUrl value="USCorePediatricBMIforAgeObservation.html"/>
            <title value="US Core Pediatric BMI for Age Observation"/>
            <generation value="markdown"/>
          </page>
          <page>
            <nameUrl value="USCorePediatricWeightforHeightObservation.html"/>
            <title value="US Core Pediatric Weight for Height Observation"/>
            <generation value="markdown"/>
          </page>
          <page>
            <nameUrl value="USCorePractitioner.html"/>
            <title value="US Core Practitioner"/>
            <generation value="markdown"/>
          </page>
          <page>
            <nameUrl value="USCorePractitionerRole.html"/>
            <title value="US Core PractitionerRole"/>
            <generation value="markdown"/>
          </page>
          <page>
            <nameUrl value="USCoreProcedure.html"/>
            <title value="US Core Procedure"/>
            <generation value="markdown"/>
          </page>
          <page>
            <nameUrl value="PayerProvenance_.html"/>
            <title value="Payer Provenance"/>
            <generation value="markdown"/>
          </page>
          <page>
            <nameUrl value="USCoreProvenance_.html"/>
            <title value="US Core Provenance"/>
            <generation value="markdown"/>
          </page>
          <page>
            <nameUrl value="USCorePulseOximetry_.html"/>
            <title value="US Core Pulse Oximetry"/>
            <generation value="markdown"/>
          </page>
          <page>
            <nameUrl value="USCoreSmokingStatusObservation_.html"/>
            <title value="US Core Smoking Status Observation"/>
            <generation value="markdown"/>
          </page>
          <page>
            <nameUrl value="VitalSigns_.html"/>
            <title value="VitalSigns"/>
            <generation value="markdown"/>
          </page>
        </page>
      </page>
      <page>
        <nameUrl value="5_UseCaseScenarios.html"/>
        <title value="Use Case Scenarios"/>
        <generation value="markdown"/>
      </page>
      <page>
        <nameUrl value="6_Provider-controlledInformationRequestsandFiltering.html"/>
        <title value="Provider-controlled Information Requests and Filtering"/>
        <generation value="markdown"/>
      </page>
      <page>
        <nameUrl value="7_CDS-Hooks.html"/>
        <title value="CDS Hooks"/>
        <generation value="markdown"/>
        <page>
          <nameUrl value="WorkflowExamples.html"/>
          <title value="Workflow Examples"/>
          <generation value="markdown"/>
        </page>
      </page>
      <page>
        <nameUrl value="8_Member-AuthorizedOAuth2Exchange.html"/>
        <title value="Member-Authorized OAuth2.0 Exchange"/>
        <generation value="markdown"/>
      </page>
      <page>
        <nameUrl value="9_Credits.html"/>
        <title value="Credits"/>
        <generation value="markdown"/>
      </page>
    </page>
    <parameter>
      <code value="path-resource"/>
      <value value="input/capabilities"/>
    </parameter>
    <parameter>
      <code value="path-resource"/>
      <value value="input/examples"/>
    </parameter>
    <parameter>
      <code value="path-resource"/>
      <value value="input/extensions"/>
    </parameter>
    <parameter>
      <code value="path-resource"/>
      <value value="input/models"/>
    </parameter>
    <parameter>
      <code value="path-resource"/>
      <value value="input/operations"/>
    </parameter>
    <parameter>
      <code value="path-resource"/>
      <value value="input/profiles"/>
    </parameter>
    <parameter>
      <code value="path-resource"/>
      <value value="input/resources"/>
    </parameter>
    <parameter>
      <code value="path-resource"/>
      <value value="input/vocabulary"/>
    </parameter>
    <parameter>
      <code value="path-pages"/>
      <value value="template/config"/>
    </parameter>
    <parameter>
      <code value="path-pages"/>
      <value value="input/images"/>
    </parameter>
    <parameter>
      <code value="path-tx-cache"/>
      <value value="input-cache/txcache"/>
    </parameter>
  </definition>
</ImplementationGuide>